{"cameraMode":{"drawMode":0,"name":"Shaded","section":"Shading Mode"},"sceneLighting":false,"audioPlay":false,"sceneViewState":{"showFog":true,"showMaterialUpdate":false,"showSkybox":false,"showFlares":true,"showImageEffects":true,"showParticleSystems":true},"in2DMode":false,"pivot":{"x":-4.543900012969971,"y":-10.77400016784668,"z":-9.031900405883789},"rotation":{"x":-0.19392578303813935,"y":-0.26495030522346499,"z":0.05448635295033455,"w":-0.9429875016212463},"size":2.8768739700317385,"orthographic":false}